{
	"credit": "Made with Blockbench",
	"textures": {
		"0": "block/hopper_inside_side",
		"1": "block/hopper_outside",
		"2": "block/hopper_inside",
		"particle": "block/hopper_inside_side"
	},
	"elements": [
		{
			"from": [0, 11, 0],
			"to": [2, 16, 14],
			"faces": {
				"north": {"uv": [0, 0, 2, 5], "texture": "#1"},
				"east": {"uv": [0, 0, 14, 5], "texture": "#1"},
				"south": {"uv": [0, 0, 2, 5], "texture": "#missing"},
				"west": {"uv": [0, 0, 14, 5], "texture": "#1"},
				"up": {"uv": [1, 0, 16, 2], "rotation": 270, "texture": "#0"},
				"down": {"uv": [0, 0, 2, 14], "texture": "#missing"}
			}
		},
		{
			"from": [0, 11, 14],
			"to": [14, 16, 16],
			"faces": {
				"north": {"uv": [0, 0, 14, 5], "texture": "#1"},
				"east": {"uv": [0, 0, 2, 5], "texture": "#missing"},
				"south": {"uv": [0, 0, 14, 5], "texture": "#1"},
				"west": {"uv": [0, 0, 2, 5], "texture": "#1"},
				"up": {"uv": [0, 0, 2, 14], "rotation": 270, "texture": "#0"},
				"down": {"uv": [0, 0, 2, 14], "rotation": 90, "texture": "#missing"}
			}
		},
		{
			"from": [14, 11, 2],
			"to": [16, 16, 16],
			"faces": {
				"north": {"uv": [0, 0, 2, 5], "texture": "#missing"},
				"east": {"uv": [0, 0, 14, 5], "texture": "#1"},
				"south": {"uv": [0, 0, 2, 5], "texture": "#1"},
				"west": {"uv": [0, 0, 14, 5], "texture": "#1"},
				"up": {"uv": [0, 0, 2, 14], "rotation": 180, "texture": "#0"},
				"down": {"uv": [0, 0, 2, 14], "rotation": 180, "texture": "#missing"}
			}
		},
		{
			"from": [2, 11, 0],
			"to": [16, 16, 2],
			"faces": {
				"north": {"uv": [0, 0, 14, 5], "texture": "#1"},
				"east": {"uv": [0, 0, 2, 5], "texture": "#1"},
				"south": {"uv": [0, 0, 14, 5], "texture": "#1"},
				"west": {"uv": [0, 0, 2, 5], "texture": "#missing"},
				"up": {"uv": [14, 2, 16, 16], "rotation": 270, "texture": "#0"},
				"down": {"uv": [0, 0, 2, 14], "rotation": 270, "texture": "#missing"}
			}
		},
		{
			"from": [0, 10, 0],
			"to": [16, 11, 16],
			"faces": {
				"north": {"uv": [0, 0, 16, 1], "texture": "#1"},
				"east": {"uv": [0, 0, 16, 1], "texture": "#1"},
				"south": {"uv": [0, 0, 16, 1], "texture": "#1"},
				"west": {"uv": [0, 0, 16, 1], "texture": "#1"},
				"up": {"uv": [0, 0, 16, 16], "rotation": 90, "texture": "#0"},
				"down": {"uv": [0, 7, 16, 12], "texture": "#1"}
			}
		},
		{
			"from": [4, 4, 4],
			"to": [12, 10, 12],
			"faces": {
				"north": {"uv": [0, 0, 8, 6], "texture": "#1"},
				"east": {"uv": [0, 0, 8, 6], "texture": "#1"},
				"south": {"uv": [0, 0, 8, 6], "texture": "#1"},
				"west": {"uv": [0, 0, 8, 6], "rotation": 180, "texture": "#1"},
				"up": {"uv": [0, 0, 8, 8], "texture": "#missing"},
				"down": {"uv": [0, 7, 8, 8], "texture": "#1"}
			}
		},
		{
			"from": [6, 5, 0],
			"to": [10, 9, 4],
			"faces": {
				"north": {"uv": [0, 0, 16, 16], "texture": "#2"},
				"east": {"uv": [0, 0, 4, 4], "texture": "#1"},
				"south": {"uv": [0, 0, 4, 4], "texture": "#missing"},
				"west": {"uv": [0, 0, 4, 4], "texture": "#1"},
				"up": {"uv": [0, 0, 4, 4], "texture": "#1"},
				"down": {"uv": [0, 7, 4, 11], "texture": "#1"}
			}
		}
	]
}