{
	"credit": "Made with Blockbench",
	"parent": "minecraft:block/template_piston_head_short",
	"textures": {
		"3": "block/piston_side_sticky",
		"particle": "block/piston_side_sticky",
		"platform": "block/piston_top_sticky",
		"side": "block/piston_side",
		"unsticky": "block/piston_top"
	},
	"elements": [
		{
			"from": [0, 0, 0],
			"to": [16, 16, 4],
			"faces": {
				"north": {"uv": [0, 0, 16, 16], "texture": "#platform"},
				"east": {"uv": [0, 0, 16, 4], "rotation": 90, "texture": "#3"},
				"south": {"uv": [0, 0, 16, 16], "texture": "#unsticky"},
				"west": {"uv": [0, 0, 16, 4], "rotation": 270, "texture": "#3"},
				"up": {"uv": [0, 0, 16, 4], "texture": "#3"},
				"down": {"uv": [0, 0, 16, 4], "rotation": 180, "texture": "#3"}
			}
		},
		{
			"from": [6, 6, 4],
			"to": [10, 10, 15],
			"faces": {
				"north": {"uv": [0, 0, 3, 3], "texture": "#missing"},
				"east": {"uv": [0, 0, 11, 4], "rotation": 180, "texture": "#side"},
				"south": {"uv": [0, 0, 3, 3], "texture": "#missing"},
				"west": {"uv": [0, 0, 11, 4], "texture": "#side"},
				"up": {"uv": [0, 0, 11, 4], "rotation": 90, "texture": "#side"},
				"down": {"uv": [0, 0, 11, 4], "rotation": 270, "texture": "#side"}
			}
		}
	]
}