{
	"credit": "Made with Blockbench",
	"ambientocclusion": false,
	"textures": {
		"0": "block/redstone_dust_line"
	},
	"elements": [
		{
			"from": [6, 0, 0],
			"to": [10, 1, 8],
			"faces": {
				"north": {"uv": [6, 0, 10, 1], "texture": "#0", "tintindex": 0},
				"east": {"uv": [6, 0, 7, 8], "rotation": 90, "texture": "#0", "tintindex": 0},
				"south": {"uv": [6, 0, 10, 1], "texture": "#0", "tintindex": 0},
				"west": {"uv": [6, 0, 7, 8], "rotation": 90, "texture": "#0", "tintindex": 0},
				"up": {"uv": [6, 0, 10, 8], "texture": "#0", "tintindex": 0},
				"down": {"uv": [6, 0, 10, 8], "texture": "#0", "tintindex": 0}
			}
		}
	]
}