{
	"credit": "Made with Blockbench",
	"ambientocclusion": false,
	"textures": {
		"level": "block/redstone_dust_level_11"
	},
	"elements": [
		{
			"from": [7, 1, 6.75],
			"to": [7.5, 1.5, 9.25],
			"faces": {
				"north": {"uv": [4, 3, 5.5, 4.5], "texture": "#level"},
				"east": {"uv": [4, 3, 5.5, 4.5], "texture": "#level"},
				"south": {"uv": [4, 3, 5.5, 4.5], "texture": "#level"},
				"west": {"uv": [4, 3, 5.5, 4.5], "texture": "#level"},
				"up": {"uv": [4, 3, 5.5, 4.5], "texture": "#level"},
				"down": {"uv": [4, 3, 5.5, 4.5], "texture": "#level"}
			}
		},
		{
			"from": [8.5, 1, 6.75],
			"to": [9, 1.5, 9.25],
			"faces": {
				"north": {"uv": [4, 3, 5.5, 4.5], "texture": "#level"},
				"east": {"uv": [4, 3, 5.5, 4.5], "texture": "#level"},
				"south": {"uv": [4, 3, 5.5, 4.5], "texture": "#level"},
				"west": {"uv": [4, 3, 5.5, 4.5], "texture": "#level"},
				"up": {"uv": [4, 3, 5.5, 4.5], "texture": "#level"},
				"down": {"uv": [4, 3, 5.5, 4.5], "texture": "#level"}
			}
		}
	]
}