{
	"credit": "Made with Blockbench",
	"textures": {
		"0": "block/redstone_dust_line",
		"particle": "block/redstone_dust_line"
	},
	"elements": [
		{
			"from": [6, 1, 0],
			"to": [10, 17, 1],
			"faces": {
				"north": {"uv": [6, 0, 10, 16], "texture": "#0", "tintindex": 0},
				"east": {"uv": [6, 0, 7, 16], "texture": "#0", "tintindex": 0},
				"south": {"uv": [6, 0, 10, 16], "texture": "#0", "tintindex": 0},
				"west": {"uv": [6, 0, 7, 16], "texture": "#0", "tintindex": 0},
				"up": {"uv": [6, 0, 10, 1], "texture": "#0", "tintindex": 0},
				"down": {"uv": [6, 0, 10, 1], "texture": "#0", "tintindex": 0}
			}
		}
	]
}