{
	"credit": "Made with Blockbench",
	"ambientocclusion": false,
	"textures": {
		"level": "block/redstone_dust_level_9"
	},
	"elements": [
		{
			"from": [7.25, 1, 7],
			"to": [8.75, 1.5, 7.5],
			"faces": {
				"north": {"uv": [5, 2, 6.5, 3.5], "texture": "#level"},
				"east": {"uv": [5, 2, 6.5, 3.5], "texture": "#level"},
				"south": {"uv": [5, 2, 6.5, 3.5], "texture": "#level"},
				"west": {"uv": [5, 2, 6.5, 3.5], "texture": "#level"},
				"up": {"uv": [5, 2, 6.5, 3.5], "texture": "#level"},
				"down": {"uv": [5, 2, 6.5, 3.5], "texture": "#level"}
			}
		},
		{
			"from": [7.25, 1, 8],
			"to": [8.75, 1.5, 8.5],
			"faces": {
				"north": {"uv": [5, 2, 6.5, 3.5], "texture": "#level"},
				"east": {"uv": [5, 2, 6.5, 3.5], "texture": "#level"},
				"south": {"uv": [5, 2, 6.5, 3.5], "texture": "#level"},
				"west": {"uv": [5, 2, 6.5, 3.5], "texture": "#level"},
				"up": {"uv": [5, 2, 6.5, 3.5], "texture": "#level"},
				"down": {"uv": [5, 2, 6.5, 3.5], "texture": "#level"}
			}
		},
		{
			"from": [7.25, 1, 9],
			"to": [8.75, 1.5, 9.5],
			"faces": {
				"north": {"uv": [5, 2, 6.5, 3.5], "texture": "#level"},
				"east": {"uv": [5, 2, 6.5, 3.5], "texture": "#level"},
				"south": {"uv": [5, 2, 6.5, 3.5], "texture": "#level"},
				"west": {"uv": [5, 2, 6.5, 3.5], "texture": "#level"},
				"up": {"uv": [5, 2, 6.5, 3.5], "texture": "#level"},
				"down": {"uv": [5, 2, 6.5, 3.5], "texture": "#level"}
			}
		},
		{
			"from": [7.25, 1, 8.5],
			"to": [7.75, 1.5, 9],
			"faces": {
				"north": {"uv": [5, 2, 6.5, 3.5], "texture": "#missing"},
				"east": {"uv": [5, 2, 6.5, 3.5], "texture": "#level"},
				"south": {"uv": [5, 2, 6.5, 3.5], "texture": "#missing"},
				"west": {"uv": [5, 2, 6.5, 3.5], "texture": "#level"},
				"up": {"uv": [5, 2, 6.5, 3.5], "texture": "#level"},
				"down": {"uv": [5, 2, 6.5, 3.5], "texture": "#level"}
			}
		},
		{
			"from": [8.25, 1, 8.5],
			"to": [8.75, 1.5, 9],
			"faces": {
				"north": {"uv": [5, 2, 6.5, 3.5], "texture": "#missing"},
				"east": {"uv": [5, 2, 6.5, 3.5], "texture": "#level"},
				"south": {"uv": [5, 2, 6.5, 3.5], "texture": "#missing"},
				"west": {"uv": [5, 2, 6.5, 3.5], "texture": "#level"},
				"up": {"uv": [5, 2, 6.5, 3.5], "texture": "#level"},
				"down": {"uv": [5, 2, 6.5, 3.5], "texture": "#level"}
			}
		},
		{
			"from": [7.25, 1, 7.5],
			"to": [7.75, 1.5, 8],
			"faces": {
				"north": {"uv": [5, 2, 6.5, 3.5], "texture": "#missing"},
				"east": {"uv": [5, 2, 6.5, 3.5], "texture": "#level"},
				"south": {"uv": [5, 2, 6.5, 3.5], "texture": "#missing"},
				"west": {"uv": [5, 2, 6.5, 3.5], "texture": "#level"},
				"up": {"uv": [5, 2, 6.5, 3.5], "texture": "#level"},
				"down": {"uv": [5, 2, 6.5, 3.5], "texture": "#level"}
			}
		},
		{
			"from": [7.25, 1, 6.5],
			"to": [8.75, 1.5, 6.75],
			"faces": {
				"north": {"uv": [5, 2, 6.5, 3.5], "texture": "#level"},
				"east": {"uv": [5, 2, 6.5, 3.5], "texture": "#level"},
				"south": {"uv": [5, 2, 6.5, 3.5], "texture": "#level"},
				"west": {"uv": [5, 2, 6.5, 3.5], "texture": "#level"},
				"up": {"uv": [5, 2, 6.5, 3.5], "texture": "#level"},
				"down": {"uv": [5, 2, 6.5, 3.5], "texture": "#level"}
			}
		}
	]
}