{
	"credit": "Made with Blockbench",
	"ambientocclusion": false,
	"textures": {
		"level": "block/redstone_dust_level_14"
	},
	"elements": [
		{
			"from": [6.75, 1, 6.75],
			"to": [7.25, 1.5, 9.25],
			"faces": {
				"north": {"uv": [3, 3, 4.5, 4.5], "texture": "#level"},
				"east": {"uv": [3, 3, 4.5, 4.5], "texture": "#level"},
				"south": {"uv": [3, 3, 4.5, 4.5], "texture": "#level"},
				"west": {"uv": [3, 3, 4.5, 4.5], "texture": "#level"},
				"up": {"uv": [3, 3, 4.5, 4.5], "texture": "#level"},
				"down": {"uv": [3, 3, 4.5, 4.5], "texture": "#level"}
			}
		},
		{
			"from": [8.75, 1, 6.75],
			"to": [9.25, 1.5, 9.25],
			"faces": {
				"north": {"uv": [3, 3, 4.5, 4.5], "texture": "#level"},
				"east": {"uv": [3, 3, 4.5, 4.5], "texture": "#level"},
				"south": {"uv": [3, 3, 4.5, 4.5], "texture": "#level"},
				"west": {"uv": [3, 3, 4.5, 4.5], "texture": "#level"},
				"up": {"uv": [3, 3, 4.5, 4.5], "texture": "#level"},
				"down": {"uv": [3, 3, 4.5, 4.5], "texture": "#level"}
			}
		},
		{
			"from": [7.75, 1, 7.75],
			"to": [8.25, 1.5, 9.25],
			"faces": {
				"north": {"uv": [3, 3, 4.5, 4.5], "texture": "#level"},
				"east": {"uv": [3, 3, 4.5, 4.5], "texture": "#level"},
				"south": {"uv": [3, 3, 4.5, 4.5], "texture": "#level"},
				"west": {"uv": [3, 3, 4.5, 4.5], "texture": "#level"},
				"up": {"uv": [3, 3, 4.5, 4.5], "texture": "#level"},
				"down": {"uv": [3, 3, 4.5, 4.5], "texture": "#level"}
			}
		},
		{
			"from": [7.25, 1, 7.75],
			"to": [7.75, 1.5, 8.25],
			"faces": {
				"north": {"uv": [3, 3, 4.5, 4.5], "texture": "#level"},
				"east": {"uv": [3, 3, 4.5, 4.5], "texture": "#missing"},
				"south": {"uv": [3, 3, 4.5, 4.5], "texture": "#level"},
				"west": {"uv": [3, 3, 4.5, 4.5], "texture": "#missing"},
				"up": {"uv": [3, 3, 4.5, 4.5], "texture": "#level"},
				"down": {"uv": [3, 3, 4.5, 4.5], "texture": "#level"}
			}
		}
	]
}