{
	"credit": "Made with Blockbench",
	"ambientocclusion": false,
	"textures": {
		"0": "block/redstone_dust_dot",
		"particle": "block/redstone_dust_dot"
	},
	"elements": [
		{
			"from": [5, 0, 5],
			"to": [11, 1.25, 11],
			"faces": {
				"north": {"uv": [6, 5, 10, 6], "texture": "#0", "tintindex": 0},
				"east": {"uv": [6, 5, 7, 6], "texture": "#0", "tintindex": 0},
				"south": {"uv": [6, 5, 10, 6], "texture": "#0", "tintindex": 0},
				"west": {"uv": [6, 5, 7, 6], "texture": "#0", "tintindex": 0},
				"up": {"uv": [7, 7, 9, 9], "texture": "#0", "tintindex": 0},
				"down": {"uv": [6, 5, 10, 11], "texture": "#0", "tintindex": 0}
			}
		}
	]
}