{
	"credit": "Made with Blockbench",
	"ambientocclusion": false,
	"textures": {
		"level": "block/redstone_dust_level_1"
	},
	"elements": [
		{
			"from": [7.75, 1, 6.75],
			"to": [8.25, 1.5, 9.25],
			"faces": {
				"north": {"uv": [7, 3, 8.5, 4.5], "texture": "#level"},
				"east": {"uv": [7, 3, 8.5, 4.5], "texture": "#level"},
				"south": {"uv": [7, 3, 8.5, 4.5], "texture": "#level"},
				"west": {"uv": [7, 3, 8.5, 4.5], "texture": "#level"},
				"up": {"uv": [7, 3, 8.5, 4.5], "texture": "#level"},
				"down": {"uv": [7, 3, 8.5, 4.5], "texture": "#level"}
			}
		}
	]
}